Time,Altitude,Pressure_at_Altitude,Temperature_at_Altitude,Terminal_Velocity,Buoyancy force,Gravity Force
0,46.5086782376502,9308045.91662383,734.796534045394,0.0216600802368231,0,34603.9988
1.00133511348465,53.2510013351135,9304568.60225467,734.745292389853,0.0216633718778726,16537.9645990984,34603.9988
2.00267022696929,48.4312416555407,9307054.3655958,734.781922563418,0.0216610186436654,33083.1162688782,34603.9988
3.00400534045394,53.4646194926569,9304458.42991823,734.743668891856,0.0216634761995232,49613.4159616253,34603.9988
4.00534045393858,48.4445927903872,9307047.47982477,734.781821094793,0.0216610251609365,66166.1927221697,34603.9988
5.00667556742323,51.7289719626168,9305353.58015187,734.756859813084,0.0216626286430757,82695.4971922033,34603.9988
6.00801068090788,47.9906542056075,9307281.59603972,734.785271028037,0.0216608035780282,99251.3196689188,34603.9988
7.00934579439252,49.3257676902537,9306593.01893692,734.775124165554,0.0216614553178177,115786.238520993,34603.9988
8.01068090787717,49.2323097463284,9306641.21933411,734.775834445928,0.0216614096935316,132327.68716619,34603.9988
9.01201602136182,52.8104138851802,9304795.8326986,734.748640854473,0.0216631567206838,148844.637980087,34603.9988
10.0133511348465,49.0987983978638,9306710.07704439,734.776849132176,0.0216613445166331,165410.604362386,34603.9988
11.0146862483311,50.9145527369826,9305773.61218458,734.763049399199,0.0216622309882898,181936.77328597,34603.9988
12.0160213618158,47.0026702269693,9307791.14309579,734.792779706275,0.0216603213400425,198511.478225964,34603.9988
13.0173564753004,53.3177570093458,9304534.17339953,734.744785046729,0.021663404478177,214992.892720126,34603.9988
14.018691588785,45.7343124165554,9308445.29134346,734.802419225634,0.0216597023123957,231609.962712794,34603.9988
15.0200267022697,45.4272363150868,9308603.6640771,734.804753004005,0.0216595524529662,248156.96536938,34603.9988
16.0213618157543,48.4846461949266,9307026.82251168,734.781516688918,0.021661044712796,264664.293101375,34603.9988
17.022696929239,50.1802403204272,9306152.32959112,734.768630173565,0.0216618724716057,281184.320559653,34603.9988
18.0240320427236,49.8998664886515,9306296.93078271,734.770761014686,0.0216617355895497,297728.337407861,34603.9988
19.0253671562083,45.2803738317757,9308679.40755841,734.805869158879,0.0216594807825012,314334.23636623,34603.9988
20.0267022696929,50.6341789052069,9305918.21337617,734.76518024032,0.0216620940973578,330798.314085883,34603.9988
21.0280373831776,47.4966622162884,9307536.36956776,734.789025367156,0.0216605624537773,347387.352907843,34603.9988
22.0293724966622,53.3711615487316,9304506.63031542,734.74437917223,0.0216634305585589,363833.250109932,34603.9988
23.0307076101469,49.56608811749,9306469.07505841,734.773297730307,0.0216615726391394,380436.376998402,34603.9988
24.0320427236315,45.3070761014686,9308665.63601636,734.805666221629,0.0216594938134257,386610.792850868,34603.9988
25.0333778371162,46.8024032042724,9307894.42966122,734.794301735647,0.0216602235942267,386584.741745726,34603.9988
26.0347129506008,50.0066755674232,9306241.84461449,734.769949265688,0.0216617877346953,386528.915235416,34603.9988
27.0360480640854,49.2857142857143,9306613.67625,734.775428571429,0.0216614357645062,386541.476522872,34603.9988
28.0373831775701,45.0934579439252,9308775.8083528,734.807289719626,0.0216593895668896,386614.514371536,34603.9988
29.0387182910547,52.6502002670227,9304878.46195094,734.749858477971,0.0216630784837817,386482.85557854,34603.9988
30.0400534045394,51.9826435246996,9305222.75050233,734.754931909212,0.0216627525086044,386494.487042749,34603.9988
31.041388518024,46.562082777036,9308018.37353972,734.796128170894,0.0216601063015291,386588.928584828,34603.9988
32.0427236315087,47.2296395193591,9307674.08498832,734.791054739653,0.0216604321207229,386577.29842482,34603.9988
33.0440587449933,45.4005340453939,9308617.43561916,734.804955941255,0.0216595394219034,386609.164680404,34603.9988
34.045393858478,49.7129506008011,9306393.3315771,734.772181575434,0.0216616443367283,386534.032819587,34603.9988
35.0467289719626,49.6061415220294,9306448.41774533,734.772993324432,0.0216615921929351,386535.893751575,34603.9988
36.0480640854473,54.3457943925234,9304003.96903037,734.736971962617,0.0216639065471366,386453.310937274,34603.9988
37.0493991989319,53.1308411214953,9304630.57419392,734.746205607477,0.0216633131978091,386474.480824846,34603.9988
38.0507343124166,54.6261682242991,9303859.36783879,734.734841121495,0.0216640434829464,386448.425503039,34603.9988
39.0520694259012,54.1855807743658,9304086.59828271,734.738189586115,0.0216638282996249,386456.102601257,34603.9988
40.0534045393858,45.4138851802403,9308610.54984813,734.80485447263,0.021659545937431,386608.932084367,34603.9988
41.0547396528705,48.0440587449933,9307254.05295561,734.784865153538,0.0216608296461447,386563.109412119,34603.9988
42.0560747663551,51.4085447263017,9305518.83865654,734.75929506008,0.0216624721853212,386504.489973499,34603.9988
43.0574098798398,50.5006675567423,9305987.07108645,734.766194926569,0.0216620289123909,386520.308319184,34603.9988
44.0587449933244,50.9679572763685,9305746.06910047,734.7626435247,0.0216622570631373,386512.166560715,34603.9988
45.0600801068091,54.8931909212283,9303721.65241822,734.732811748999,0.0216641739011561,386443.772682185,34603.9988
46.0614152202937,51.7022696929239,9305367.35169393,734.757062750334,0.0216626156047604,386499.372209818,34603.9988
47.0627503337784,48.9252336448598,9306799.59206776,734.778168224299,0.0216612597878137,386547.757096347,34603.9988
48.064085447263,52.1695594125501,9305126.34970794,734.753511348465,0.021662843779717,386491.230248962,34603.9988
49.0654205607477,51.849132176235,9305291.60821262,734.755946595461,0.021662687315875,386496.813316316,34603.9988
50.0667556742323,51.8224299065421,9305305.37975467,734.75614953271,0.0216626742774213,386497.278570258,34603.9988
51.068090787717,46.0280373831776,9308293.80438084,734.800186915888,0.0216598456599992,386598.232597202,34603.9988
52.0694259012016,48.1642189586115,9307192.08101636,734.783951935915,0.0216608882998563,386561.015930992,34603.9988
53.0707610146862,45.520694259012,9308555.46367991,734.804042723631,0.0216595980619277,386607.071313755,34603.9988
54.0720961281709,51.5153538050734,9305463.75248832,734.758483311081,0.0216625243374141,386502.628972122,34603.9988
55.0734312416555,45.5073431241656,9308562.34945093,734.804144192256,0.0216595915463387,386607.303910306,34603.9988
56.0747663551402,52.716955941255,9304844.03309579,734.749351134846,0.0216631110823564,386481.692423284,34603.9988
57.0761014686248,47.8704939919893,9307343.56797897,734.786184245661,0.0216607449252154,386566.133320115,34603.9988
58.0774365821095,52.0093457943925,9305208.97896028,734.754728971963,0.0216627655472426,386494.021787265,34603.9988
59.0787716955941,51.2483311081442,9305601.46790888,734.760512683578,0.0216623939581041,386507.281467855,34603.9988
60.0801068090788,54.7463284379172,9303797.39589953,734.733927903872,0.0216641021707601,386446.331736836,34603.9988
61.0814419225634,47.4699599465955,9307550.14110981,734.789228304406,0.0216605494203336,386573.111527901,34603.9988
62.0827770360481,46.8558077436582,9307866.8865771,734.793895861148,0.0216602496596086,386583.811334211,34603.9988
63.0841121495327,48.7249666221629,9306902.87863318,734.779690253672,0.0216611620254048,386551.246283596,34603.9988
64.0854472630174,53.6515353805073,9304362.02912383,734.742248331108,0.021663567482582,386465.408081041,34603.9988
65.086782376502,49.5393858477971,9306482.84660047,734.773500667557,0.0216615596033141,386537.056831981,34603.9988
66.0881174899866,53.6915887850467,9304341.37181075,734.741943925233,0.0216635870434335,386464.710173623,34603.9988
67.0894526034713,47.109479305741,9307736.05692757,734.791967957276,0.0216603734718509,386579.391865474,34603.9988
68.0907877169559,51.8357810413885,9305298.49398364,734.756048064085,0.0216626807966443,386497.045943319,34603.9988
69.0921228304406,54.1588785046729,9304100.36982477,734.738392523364,0.0216638152584805,386456.567877688,34603.9988
70.0934579439252,48.9118825100133,9306806.47783879,734.778269692924,0.021661253270266,386547.98970928,34603.9988
71.0947930574099,48.4579439252336,9307040.59405374,734.781719626168,0.0216610316782153,386555.898510775,34603.9988
72.0961281708945,52.5166889185581,9304947.31966121,734.750873164219,0.0216630132872089,386485.181884232,34603.9988
73.0974632843792,54.479305740988,9303935.11132009,734.735957276368,0.0216639717542422,386450.984543553,34603.9988
74.0987983978638,54.6795727636849,9303831.82475467,734.734435246996,0.0216640695663423,386447.494940925,34603.9988
75.1001335113485,46.4018691588785,9308101.00279206,734.797345794392,0.0216600281077798,386591.719799333,34603.9988
76.1014686248331,50.1668891855808,9306159.21536215,734.76873164219,0.0216618659533358,386526.123812761,34603.9988
77.1028037383178,45.5607476635514,9308534.80636682,734.803738317757,0.0216596176087407,386606.373523715,34603.9988
78.1041388518024,49.3791722296395,9306565.4758528,734.774718291055,0.0216614813890074,386539.8482184,34603.9988
79.105473965287,49.2723631508678,9306620.56202103,734.775530040053,0.021661429246751,386541.709137539,34603.9988
80.1068090787717,49.8731642189586,9306310.70232477,734.770963951936,0.0216617225533401,386531.241413894,34603.9988
81.1081441922563,45.6008010680908,9308514.14905374,734.803433911883,0.0216596371556228,386605.675733097,34603.9988
82.109479305741,46.4552736982643,9308073.45970794,734.796939919893,0.02166005417224,386590.789395526,34603.9988
83.1108144192256,52.5834445927904,9304912.89080608,734.750365821095,0.0216630458853992,386484.018732189,34603.9988
84.1121495327103,51.0080106809079,9305725.41178738,734.762339118825,0.0216622766193536,386511.468692041,34603.9988
85.1134846461949,46.3217623497997,9308142.31741823,734.797954606142,0.0216599890113199,386593.115403116,34603.9988
86.1148197596796,46.1748998664887,9308218.06089953,734.799070761015,0.0216599173351949,386595.674004045,34603.9988
87.1161548731642,45.4672897196262,9308583.00676402,734.804448598131,0.0216595719996179,386608.001699575,34603.9988
88.1174899866489,52.3297730307076,9305043.72045561,734.752293724967,0.0216629220132983,386488.438701407,34603.9988
89.1188251001335,45.7076101468625,9308459.06288552,734.802622162884,0.0216596892809796,386603.814955291,34603.9988
90.1201602136182,54.2122830440587,9304072.82674065,734.737986648865,0.0216638413407999,386455.637324569,34603.9988
91.1214953271028,53.3311081441923,9304527.2876285,734.744683578104,0.021663410998261,386470.991319563,34603.9988
92.1228304405874,51.9292389853138,9305250.29358645,734.755337783712,0.0216627264314204,386495.417552947,34603.9988
93.1241655540721,49.9532710280374,9306269.3876986,734.770355140187,0.021661761662061,386529.845707578,34603.9988
94.1255006675567,45.1602136181575,9308741.37949766,734.806782376502,0.0216594221437209,386613.351398094,34603.9988
95.1268357810414,51.1949265687583,9305629.01099299,734.760918558077,0.021662367882611,386508.211963918,34603.9988
96.128170894526,51.8758344459279,9305277.83667056,734.755743658211,0.0216627003543594,386496.348062117,34603.9988
97.1295060080107,46.9626168224299,9307811.80040888,734.793084112149,0.0216603017907411,386581.950508095,34603.9988
98.1308411214953,45.7743658210948,9308424.63403037,734.80211481976,0.0216597218595773,386602.651967073,34603.9988
99.13217623498,51.328437917223,9305560.15328271,734.759903871829,0.0216624330715743,386505.885721834,34603.9988
100.133511348465,53.2242990654206,9304582.37379673,734.745495327103,0.0216633588378047,386472.852390847,34603.9988
101.134846461949,47.2029372496662,9307687.85653037,734.791257676902,0.0216604190875864,386577.763634304,34603.9988
102.136181575434,46.588785046729,9308004.60199766,734.795925233645,0.0216601193339282,386588.463381511,34603.9988
103.137516688919,51.3417890520694,9305553.26751168,734.759802403204,0.0216624395905129,386505.653097272,34603.9988
104.138851802403,51.0881174899867,9305684.09716121,734.761730307076,0.0216623157319938,386510.072952959,34603.9988
105.140186915888,45.1869158878505,9308727.60795561,734.806579439252,0.0216594351745072,386612.886208268,34603.9988
106.141522029372,45.5340453938585,9308548.57790888,734.803941255007,0.0216596045775244,386606.838717139,34603.9988
107.142857142857,47.9105473965287,9307322.91066589,734.785879839786,0.0216607644760839,386565.435496157,34603.9988
108.144192256342,46.6421895861148,9307977.05891355,734.795519359146,0.0216601453988185,386587.532974107,34603.9988
109.145527369826,48.6048064085447,9306964.85057243,734.780603471295,0.0216611033687893,386553.339789007,34603.9988
110.146862483311,49.018691588785,9306751.39167056,734.777457943925,0.0216613054108628,386546.128804017,34603.9988
111.148197596796,49.4726301735648,9306517.27545561,734.774008010681,0.0216615270138852,386538.21991078,34603.9988
112.14953271028,49.3524699599466,9306579.24739486,734.774921228304,0.0216614683533972,386540.31344857,34603.9988
113.150867823765,52.1562082777036,9305133.23547897,734.753612817089,0.0216628372603019,386491.462877507,34603.9988
114.15220293725,53.7449933244326,9304313.82872664,734.741538050734,0.0216636131246765,386463.7796295,34603.9988
115.153538050734,51.9959946595461,9305215.86473131,734.754830440588,0.0216627590279197,386494.254415039,34603.9988
116.154873164219,53.1174899866489,9304637.45996495,734.746307076101,0.0216633066778404,386474.713458018,34603.9988
117.156208277704,47.4432576769025,9307563.91265187,734.789431241656,0.0216605363869206,386573.576739698,34603.9988
118.157543391188,54.7730307076101,9303783.62435748,734.733724966622,0.0216641152125811,386445.86645475,34603.9988
119.158878504673,53.8117489986649,9304279.39987149,734.74103070761,0.0216636457264032,386462.6164479,34603.9988
120.160213618158,45.7209612817089,9308452.17711449,734.802520694259,0.0216596957966838,386603.582357776,34603.9988
121.161548731642,46.4953271028037,9308052.80239486,734.796635514019,0.0216600737206658,386590.091591996,34603.9988
122.162883845127,50.9279038718291,9305766.72641355,734.762947930574,0.0216622375069902,386512.86442881,34603.9988
123.164218958611,47.3364485981308,9307618.99882009,734.790242990654,0.0216604842535759,386575.437584314,34603.9988
124.165554072096,53.2910547396529,9304547.94494159,734.744987983978,0.0216633914380322,386471.689221777,34603.9988
125.166889185581,47.977303070761,9307288.48181075,734.785372496662,0.0216607970610183,386564.272454941,34603.9988
126.168224299065,53.8518024032043,9304258.74255841,734.740726301736,0.0216636652875315,386461.91853817,34603.9988
127.16955941255,53.237650200267,9304575.4880257,734.745393858478,0.0216633653578348,386472.619757161,34603.9988
128.170894526035,50.2469959946595,9306117.90073598,734.768122830441,0.021661905063071,386524.728097965,34603.9988
129.172229639519,46.6822429906542,9307956.40160047,734.795214953271,0.0216601649475668,386586.835167879,34603.9988
130.173564753004,48.0707610146862,9307240.28141355,734.784662216288,0.021660842680249,386562.644194541,34603.9988
131.174899866489,50.3404539385848,9306069.70033878,734.767412550067,0.021661950691445,386523.099761113,34603.9988
132.176234979973,47.1895861148198,9307694.7423014,734.791359145527,0.0216604125710297,386577.996238949,34603.9988
133.177570093458,49.9666221628838,9306262.50192757,734.770253671562,0.021661768180208,386529.613089634,34603.9988
134.178905206943,54.0387182910547,9304162.34176402,734.739305740988,0.0216637565737117,386458.661618446,34603.9988
135.180240320427,52.5700934579439,9304919.7765771,734.75046728972,0.0216630393657458,386484.251362726,34603.9988
136.181575433912,47.7503337783712,9307405.53991823,734.787097463284,0.0216606862730249,386568.226788522,34603.9988
137.182910547397,48.1775700934579,9307185.19524533,734.78385046729,0.0216608948169737,386560.783321657,34603.9988
138.184245660881,54.5060080106809,9303921.33977804,734.735754339119,0.0216639847957556,386450.519264038,34603.9988
139.185580774366,46.9492656875834,9307818.68617991,734.793185580774,0.0216602952743226,386582.183111584,34603.9988
140.18691588785,50.3538050734312,9306062.81456776,734.767311081442,0.0216619572098149,386522.867141305,34603.9988
141.188251001335,52.9973297730307,9304699.43190421,734.747220293725,0.0216632479984687,386476.807153669,34603.9988
142.18958611482,46.3084112149533,9308149.20318925,734.798056074766,0.0216599824952702,386593.348003522,34603.9988
143.190921228304,47.9372496662216,9307309.13912383,734.785676902537,0.0216607775100346,386564.970279863,34603.9988
144.192256341789,46.068090787717,9308273.14706776,734.799882510013,0.0216598652076877,386597.534799839,34603.9988
145.193591455274,50.2870493991989,9306097.2434229,734.767818424566,0.0216619246180423,386524.030239699,34603.9988
146.194926568758,51.154873164219,9305649.66830608,734.761222963952,0.0216623483260719,386508.90983529,34603.9988
147.196261682243,54.5994659546061,9303873.13938084,734.735044058745,0.0216640304412946,386448.890783711,34603.9988
148.197596795728,52.9839786381842,9304706.31767523,734.74732176235,0.021663241478577,386477.039786198,34603.9988
149.198931909212,50.607476635514,9305931.98491823,734.76538317757,0.0216620810603029,386518.447352758,34603.9988
150.200267022697,53.0907877169559,9304651.23150701,734.746510013351,0.0216632936379262,386475.178724168,34603.9988
151.201602136182,46.7222963951936,9307935.74428738,734.794910547397,0.0216601844963843,386586.137361073,34603.9988
152.202937249666,47.5367156208278,9307515.71225467,734.788720961282,0.0216605820040004,386571.948497285,34603.9988
153.204272363151,52.3965287049399,9305009.29160047,734.751786381843,0.0216629546109506,386487.275553861,34603.9988
154.205607476636,50.086782376502,9306200.52998832,734.769340453939,0.0216618268438772,386527.519525245,34603.9988
155.20694259012,51.2349799732977,9305608.35367991,734.760614152203,0.0216623874392193,386507.514091967,34603.9988
156.208277703605,47.8170894526035,9307371.11106308,734.78659012016,0.0216607188574984,386567.063751161,34603.9988
157.209612817089,53.1708945260347,9304609.91688084,734.745901201602,0.021663332757761,386473.782924946,34603.9988
158.210947930574,47.803738317757,9307377.99683411,734.786691588785,0.0216607123405883,386567.296358761,34603.9988
159.212283044059,54.8531375166889,9303742.30973131,734.733116154873,0.0216641543382285,386444.470606952,34603.9988
160.213618157543,51.7823765020027,9305326.03706776,734.756453938585,0.0216626547197985,386497.97645069,34603.9988
161.214953271028,48.8985313751669,9306813.36360981,734.778371161549,0.021661246752726,386548.222322149,34603.9988
162.216288384513,49.1255006675567,9306696.30550234,734.776646194927,0.0216613575519514,386544.267894643,34603.9988
163.217623497997,48.9519359145527,9306785.8205257,734.777965287049,0.0216612728229322,386547.291870288,34603.9988
164.218958611482,46.1481975967957,9308231.83244159,734.799273698264,0.0216599043032721,386596.139203379,34603.9988
165.220293724967,45.5740987983979,9308527.92059579,734.803636849132,0.0216596241243604,386606.140926907,34603.9988
166.221628838451,51.5821094793057,9305429.32363318,734.757975967957,0.021662556932722,386501.465844174,34603.9988
167.222963951936,52.3431241655541,9305036.83468458,734.752192256342,0.0216629285328134,386488.206072026,34603.9988
168.224299065421,49.4993324432577,9306503.50391355,734.773805073431,0.0216615400496337,386537.754679453,34603.9988
169.225634178905,53.411214953271,9304485.97300234,734.744074766355,0.0216634501189261,386469.595513402,34603.9988
170.22696929239,53.5447263017357,9304417.11529206,734.743060080107,0.0216635153206496,386467.26916466,34603.9988
171.228304405874,45.5874499332443,9308521.03482477,734.803535380507,0.0216596306399877,386605.908330034,34603.9988
172.229639519359,54.2523364485981,9304052.16942757,734.737682242991,0.0216638609026202,386454.939409055,34603.9988
173.230974632844,49.2056074766355,9306654.99087617,734.776037383177,0.0216613966580905,386542.872209914,34603.9988
174.232309746328,45.3604806408545,9308638.09293224,734.805260347129,0.0216595198753669,386609.862468131,34603.9988
175.233644859813,49.3124165554072,9306599.90470794,734.775225634179,0.0216614488000395,386541.011293344,34603.9988
176.234979973298,47.3898531375167,9307591.45573598,734.789837116155,0.0216605103201868,386574.50716252,34603.9988
177.236315086782,53.958611481976,9304203.65639019,734.739914552737,0.0216637174508785,386460.057442727,34603.9988
178.237650200267,54.305740987984,9304024.62634346,734.737276368491,0.0216638869851549,386454.008854137,34603.9988
179.238985313752,46.0013351134846,9308307.5759229,734.800389853137,0.0216598326282453,386598.697795123,34603.9988
180.240320427236,53.6648865153538,9304355.1433528,734.742146862483,0.0216635740028581,386465.175445299,34603.9988
181.241655540721,54.3190921228304,9304017.74057243,734.737174899866,0.0216638935058078,386453.776215247,34603.9988
182.242990654206,48.1108144192256,9307219.62410047,734.784357810414,0.0216608622314632,386561.946367691,34603.9988
183.24432576769,51.0747663551402,9305690.98293224,734.761831775701,0.0216623092132012,386510.3055763,34603.9988
184.245660881175,47.6969292389853,9307433.08300234,734.787503337784,0.0216606602055844,386569.157217255,34603.9988
185.24699599466,45.9479305740988,9308335.11900701,734.800795727637,0.0216598065648296,386599.628190193,34603.9988
186.248331108144,47.6568758344459,9307453.74031542,734.787807743658,0.0216606406550847,386569.855038129,34603.9988
187.249666221629,49.8197596795728,9306338.24540888,734.771369826435,0.0216616964810132,386532.171883486,34603.9988
188.251001335113,54.4259012016021,9303962.6544042,734.736363150868,0.0216639456713077,386451.915101813,34603.9988
189.252336448598,53.931909212283,9304217.42793224,734.740117489987,0.0216637044099956,386460.522716973,34603.9988
190.253671562083,48.4712950600801,9307033.70828271,734.781618157543,0.0216610381955018,386555.665900027,34603.9988
191.255006675567,51.3818424566088,9305532.6101986,734.75949799733,0.0216624591473748,386504.955223201,34603.9988
192.256341789052,45.86782376502,9308376.43363318,734.801404539386,0.0216597674699365,386601.023780871,34603.9988
193.257676902537,45.9879839786382,9308314.46169393,734.800491321762,0.0216598261123799,386598.930393987,34603.9988
194.259012016021,50.5140186915888,9305980.18531542,734.766093457944,0.021662035430853,386520.075698606,34603.9988
195.260347129506,50.3805073431242,9306049.0430257,734.767108144192,0.0216619702465778,386522.401901498,34603.9988
196.261682242991,46.241655540721,9308183.63204439,734.798563417891,0.0216599499151366,386594.511004586,34603.9988
197.263017356475,50.2069425901202,9306138.55804906,734.768427236315,0.0216618855081688,386525.425955652,34603.9988
198.26435246996,51.5287049399199,9305456.86671729,734.758381842457,0.0216625308564603,386502.396346661,34603.9988
199.265687583445,50.1268357810414,9306179.87267523,734.769036048064,0.0216618463985719,386526.821669292,34603.9988
200.267022696929,48.7383177570093,9306895.99286215,734.779588785047,0.021661168542845,386551.013671562,34603.9988
201.268357810414,51.0347129506008,9305711.64024533,734.762136181575,0.0216622896568696,386511.003445937,34603.9988
202.269692923899,45.0667556742323,9308789.57989486,734.807492656876,0.0216593765362108,386614.979560464,34603.9988
203.271028037383,46.4819759679573,9308059.68816589,734.796736982644,0.0216600672045162,386590.324193236,34603.9988
204.272363150868,49.7263017356475,9306386.44580607,734.772080106809,0.021661650854737,386533.800202799,34603.9988
205.273698264352,53.5981308411215,9304389.57220794,734.742654205608,0.0216635414015543,386466.338623365,34603.9988
206.275033377837,46.5220293724967,9308039.0308528,734.796432576769,0.0216600867529881,386589.626389321,34603.9988
207.276368491322,50.2336448598131,9306124.78650701,734.768224299065,0.0216618985447625,386524.960717258,34603.9988
208.277703604806,51.8090787716956,9305312.2655257,734.756251001335,0.021662667758206,386497.511197133,34603.9988
209.279038718291,45.8144192256342,9308403.97671729,734.801810413885,0.021659741406828,386601.954173372,34603.9988
210.280373831776,46.8157543391188,9307887.54389019,734.794200267023,0.0216602301105607,386584.509142944,34603.9988
211.28170894526,46.4285714285714,9308087.23125,734.797142857143,0.0216600411399946,386591.254597557,34603.9988
212.283044058745,46.3351134846462,9308135.4316472,734.797853137517,0.0216599955273774,386592.882802646,34603.9988
213.28437917223,48.5514018691589,9306992.39365654,734.781009345794,0.0216610772993821,386554.270234186,34603.9988
214.285714285714,48.3110814419226,9307116.33753505,734.782835781041,0.021660959988571,386558.457224771,34603.9988
215.287049399199,49.8064085447263,9306345.13117991,734.77147129506,0.0216616899629507,386532.404500723,34603.9988
216.288384512684,46.041388518024,9308286.91860981,734.800085447263,0.0216598521758877,386597.999998145,34603.9988
217.289719626168,52.5033377837116,9304954.20543224,734.750974632844,0.0216630067675939,386485.414514448,34603.9988
218.291054739653,46.4419225634179,9308080.34547897,734.797041388518,0.0216600476561135,386591.021996574,34603.9988
219.292389853138,52.196261682243,9305112.57816589,734.753308411215,0.0216628568185704,386490.764991679,34603.9988
220.293724966622,52.890520694259,9304754.51807243,734.748032042723,0.02166319583955,386478.668212102,34603.9988
221.295060080107,45.1468624833111,9308748.26526869,734.806883845127,0.0216594156283393,386613.583992911,34603.9988
222.296395193591,47.4032042723631,9307584.56996495,734.78973564753,0.0216605168368587,386574.274556911,34603.9988
223.297730307076,46.3751668891856,9308114.77433411,734.797548731642,0.0216600150755958,386592.185000851,34603.9988
224.299065420561,47.3631508678238,9307605.22727804,734.790040053404,0.021660497286866,386574.972373546,34603.9988
225.300400534045,54.5460614152203,9303900.68246495,734.735449933244,0.0216640043580833,386449.821344283,34603.9988
226.30173564753,54.7329773030708,9303804.28167056,734.734029372497,0.0216640956498612,386446.564377782,34603.9988
227.303070761015,54.9599465954606,9303687.22356308,734.732304405874,0.0216642065061891,386442.609472955,34603.9988
228.304405874499,53.9719626168224,9304196.77061916,734.739813084112,0.0216637239713315,386459.824805507,34603.9988
229.305740987984,49.6461949265688,9306427.76043224,734.772688918558,0.0216616117467999,386535.195902561,34603.9988
230.307076101469,47.3497997329773,9307612.11304906,734.790141522029,0.0216604907702171,386575.204978962,34603.9988
231.308411214953,45.1068090787717,9308768.92258178,734.807188251001,0.0216593960822405,386614.281776976,34603.9988
232.309746328438,45.6809078771696,9308472.83442757,734.802825100134,0.0216596762495944,386604.280150128,34603.9988
233.311081441923,47.1361815754339,9307722.28538551,734.791765020027,0.0216603865048798,386578.926656889,34603.9988
234.312416555407,45.2002670226969,9308720.72218458,734.806477970627,0.0216594416899119,386612.653613258,34603.9988
235.313751668892,50.6608811748999,9305904.44183411,734.764977303071,0.0216621071344434,386517.516868004,34603.9988
236.315086782377,51.7156208277704,9305360.4659229,734.756961281709,0.0216626221239142,386499.139583457,34603.9988
237.316421895861,52.7837116154873,9304809.60424065,734.748843791722,0.0216631436811233,386480.529266422,34603.9988
238.317757009346,48.5647530040053,9306985.50788552,734.78090787717,0.0216610838167224,386554.037622987,34603.9988
239.31909212283,51.4485981308411,9305498.18134346,734.758990654205,0.0216624917422984,386503.792098465,34603.9988
240.320427236315,50.2202937249666,9306131.67227804,734.76832576769,0.0216618920264618,386525.193336487,34603.9988
241.3217623498,45.3337783711616,9308651.8644743,734.805463284379,0.0216595068443809,386610.327659628,34603.9988
242.323097463284,48.5914552736983,9306971.73634346,734.78070493992,0.0216610968514259,386553.572400398,34603.9988
243.324432576769,48.5113484646195,9307013.05096962,734.781313751669,0.0216610577474074,386554.968067395,34603.9988
244.325767690254,50.0467289719626,9306221.1873014,734.769644859813,0.0216618072892516,386528.217380619,34603.9988
245.327102803738,50.0734312416555,9306207.41575935,734.769441922563,0.021661820325661,386527.752143767,34603.9988
246.328437917223,46.8424566088118,9307873.77234813,734.793997329773,0.0216602431432516,386584.043937186,34603.9988
247.329773030708,51.9692923898531,9305229.63627336,734.755033377837,0.0216627459892969,386494.719670395,34603.9988
248.331108144192,53.7716955941255,9304300.05718458,734.741335113485,0.0216636261653441,386463.314357053,34603.9988
249.332443257677,49.392523364486,9306558.59008178,734.77461682243,0.021661487906824,386539.615603218,34603.9988
250.333778371162,51.9158878504673,9305257.17935748,734.755439252336,0.0216627199121436,386495.650180336,34603.9988
251.335113484646,54.5327102803738,9303907.56823598,734.735551401869,0.0216639978372997,386450.053984266,34603.9988
252.336448598131,53.6248331108144,9304375.80066589,734.742451268358,0.0216635544420528,386465.873352331,34603.9988
253.337783711615,47.630173564753,9307467.51185748,734.788010680908,0.0216606276214567,386570.320251725,34603.9988
254.3391188251,45.1335113484646,9308755.15103972,734.806985313752,0.0216594091129654,386613.816587664,34603.9988
255.340453938585,51.7690253671562,9305332.92283879,734.75655540721,0.0216626482006063,386498.209077372,34603.9988
256.341789052069,46.8825100133511,9307853.11503505,734.793692923899,0.0216602626923456,386583.346128067,34603.9988
257.343124165554,54.7863818424566,9303776.73858645,734.733623497997,0.0216641217335031,386445.633813611,34603.9988
258.344459279039,47.1628838451268,9307708.51384346,734.791562082777,0.0216603995379394,386578.461448047,34603.9988
259.345794392523,47.7903871829105,9307384.88260514,734.78679305741,0.021660705823686,386567.528966298,34603.9988
260.347129506008,52.8237650200267,9304788.94692757,734.748539385848,0.0216631632404756,386479.831371534,34603.9988
261.348464619493,54.2923898531375,9304031.51211449,734.737377837116,0.0216638804645097,386454.241492963,34603.9988
262.349799732977,53.5180240320427,9304430.88683411,734.743263017356,0.0216635022802434,386467.734434923,34603.9988
263.351134846462,51.5420560747664,9305449.98094626,734.758280373832,0.0216625373755142,386502.163721136,34603.9988
264.352469959947,50.8744993324433,9305794.26949766,734.763353805073,0.0216622114322349,386513.794918705,34603.9988
265.353805073431,54.9465954606141,9303694.10933411,734.732405874499,0.0216641999851671,386442.84211493,34603.9988
266.355140186916,53.4779706275033,9304451.5441472,734.743567423231,0.0216634827196917,386468.432339835,34603.9988
267.356475300401,47.283044058745,9307646.54190421,734.790648865154,0.021660458187088,386576.368005081,34603.9988
268.357810413885,54.2256341789052,9304065.94096963,734.73788518024,0.021663847861399,386455.404686128,34603.9988
269.35914552737,50.5941255006676,9305938.87068925,734.765484646195,0.021662074541787,386518.679973787,34603.9988
270.360480640854,48.3377837116155,9307102.56599299,734.782632843792,0.0216609730229826,386557.992004622,34603.9988
271.361815754339,47.0961281708945,9307742.9426986,734.792069425901,0.0216603669553479,386579.62446967,34603.9988
272.363150867824,50.6208277703605,9305925.0991472,734.765281708945,0.0216620875788265,386518.214731666,34603.9988
273.364485981308,54.4125500667557,9303969.54017523,734.736464619493,0.0216639391505933,386452.147741217,34603.9988
274.365821094793,48.6448598130841,9306944.19325935,734.780299065421,0.0216611229209253,386552.641954448,34603.9988
275.367156208278,54.105473965287,9304127.91290888,734.738798397864,0.0216637891762842,386457.498429778,34603.9988
276.368491321762,52.3164218958611,9305050.60622664,734.752395193591,0.0216629154937909,386488.671330723,34603.9988
277.369826435247,52.543391188251,9304933.54811916,734.750670226969,0.0216630263264619,386484.716623607,34603.9988
278.371161548732,49.0320427236315,9306744.50589953,734.7773564753,0.021661311928472,386545.89619057,34603.9988
279.372496662216,46.3484646194927,9308128.54587617,734.797751668892,0.0216600020434425,386592.650202112,34603.9988
280.373831775701,54.8664886515354,9303735.42396028,734.733014686248,0.0216641608591967,386444.237965427,34603.9988
281.375166889186,47.3097463284379,9307632.77036215,734.790445927904,0.0216604712203166,386575.902794826,34603.9988
282.37650200267,50.260347129506,9306111.01496495,734.768021361816,0.0216619115813871,386524.495478607,34603.9988
283.377837116155,51.4619492656876,9305491.29557243,734.758889185581,0.0216624982613062,386503.559473325,34603.9988
284.379172229639,46.415220293725,9308094.11702103,734.797244325768,0.0216600346238834,386591.487198477,34603.9988
285.380507343124,47.7369826435247,9307412.42568925,734.787198931909,0.0216606797561533,386568.459395801,34603.9988
286.381842456609,52.4365821094793,9304988.63428738,734.751481975968,0.0216629741696341,386486.577664563,34603.9988
287.383177570093,46.6688918558077,9307963.2873715,734.795316421896,0.0216601584313097,386587.067770019,34603.9988
288.384512683578,53.1842456608812,9304603.03110981,734.745799732977,0.0216633392777604,386473.550291518,34603.9988
289.385847797063,45.9212283044059,9308348.89054907,734.800998664886,0.0216597935331679,386600.093387343,34603.9988
290.387182910547,50.7142857142857,9305876.89875,734.764571428571,0.0216621332087068,386516.586382221,34603.9988
291.388518024032,47.4165554072096,9307577.68419393,734.789634178905,0.0216605233535383,386574.041951237,34603.9988
292.389853137517,51.8624833110814,9305284.72244159,734.755845126836,0.0216626938351133,386496.580689248,34603.9988
293.391188251001,46.7890520694259,9307901.31543224,734.794403204272,0.0216602170779005,386584.974348445,34603.9988
294.392523364486,55,9303666.56625,734.732,0.0216642260693011,386441.911546646,34603.9988
295.393858477971,51.30173564753,9305573.92482477,734.760106809079,0.0216624200337202,386506.350970765,34603.9988
296.395193591455,50.5807743658211,9305945.75646028,734.76558611482,0.0216620680232788,386518.91259475,34603.9988
297.39652870494,53.2643524699599,9304561.71648365,734.745190921228,0.0216633783979181,386472.154489597,34603.9988
298.397863818425,47.6168224299065,9307474.3976285,734.788112149533,0.0216606211046542,386570.552858426,34603.9988
299.399198931909,51.5687583444593,9305436.20940421,734.758077436582,0.021662550413645,386501.698469892,34603.9988
300.400534045394,54.9198931909212,9303707.88087617,734.732608811749,0.0216641869431462,386443.307398686,34603.9988
301.401869158879,46.3618157543391,9308121.66010514,734.797650200267,0.0216600085595153,386592.417601513,34603.9988
302.403204272363,50.1535380507343,9306166.10113318,734.768833110814,0.0216618594350734,386526.356431669,34603.9988
303.404539385848,48.0307076101469,9307260.93872664,734.784966622163,0.021660823129104,386563.342020812,34603.9988
304.405874499332,48.497997329773,9307019.93674065,734.781415220294,0.0216610512300978,386555.200678337,34603.9988
305.407209612817,48.2443257676903,9307150.76639019,734.783343124166,0.0216609274026763,386559.620274017,34603.9988
306.408544726302,52.9706275033378,9304713.20344626,734.747423230975,0.0216632349586929,386477.272418663,34603.9988
307.409879839786,45.8544726301736,9308383.31940421,734.801506008011,0.0216597609541478,386601.256379093,34603.9988
308.411214953271,49.218958611482,9306648.10510514,734.775935914553,0.0216614031758072,386542.639595567,34603.9988
309.412550066756,47.7102803738318,9307426.19723131,734.787401869159,0.021660666722433,386568.924610168,34603.9988
310.41388518024,52.7703604806409,9304816.49001168,734.748945260347,0.0216631371613545,386480.761897923,34603.9988
311.415220293725,50.3271028037383,9306076.58610981,734.767514018692,0.0216619441730828,386523.332380856,34603.9988
312.41655540721,49.4592790387183,9306524.16122664,734.774109479306,0.0216615204960224,386538.452526347,34603.9988
313.417890520694,47.8437917222964,9307357.33952103,734.786387182911,0.0216607318913415,386566.598535766,34603.9988
314.419225634179,49.1922563417891,9306661.8766472,734.776138851802,0.0216613901403814,386543.104824196,34603.9988
315.420560747664,47.2696929238985,9307653.42767523,734.790750333778,0.0216604516704852,386576.600610112,34603.9988
316.421895861148,48.8050734312417,9306861.56400701,734.779081441922,0.021661201130161,386549.850610431,34603.9988
317.423230974633,51.0213618157543,9305718.52601635,734.7622376502,0.0216622831381078,386511.236069021,34603.9988
318.424566088118,53.758344459279,9304306.94295561,734.741436582109,0.0216636196450064,386463.546993309,34603.9988
319.425901201602,47.3230974632844,9307625.88459112,734.790344459279,0.0216604777369424,386575.670189602,34603.9988
320.427236315087,51.8891855807744,9305270.95089953,734.755642189586,0.0216627068736131,386496.115434921,34603.9988
321.428571428571,50.3137516688919,9306083.47188084,734.767615487316,0.0216619376547283,386523.565000535,34603.9988
322.429906542056,49.8464619492657,9306324.47386682,734.771166889186,0.0216617095171613,386531.706648818,34603.9988
323.431241655541,48.7516688918558,9306889.10709112,734.779487316422,0.0216611750602928,386550.781059464,34603.9988
324.432576769025,48.6849132176235,9306923.53594626,734.779994659546,0.0216611424731305,386551.944119311,34603.9988
325.43391188251,52.9572763684913,9304720.08921729,734.747524699599,0.0216632284388166,386477.505051063,34603.9988
326.435246995995,52.0360480640854,9305195.20741823,734.754526034713,0.0216627785859114,386493.556531524,34603.9988
327.436582109479,51.4218958611482,9305511.95288551,734.759193591455,0.0216624787043059,386504.257348552,34603.9988
328.437917222964,54.4659546061415,9303941.99709112,734.736058744993,0.021663965233497,386451.217183215,34603.9988
329.439252336449,47.4833110814419,9307543.25533878,734.789126835781,0.0216605559370516,386572.878921906,34603.9988
330.440587449933,50.7276368491322,9305870.01297897,734.764469959947,0.0216621397272919,386516.353760615,34603.9988
331.441922563418,53.9185580774366,9304224.31370327,734.740218958611,0.0216636978895657,386460.755354,34603.9988
332.443257676903,48.8584779706275,9306834.0209229,734.778675567423,0.021661227200152,386548.920160369,34603.9988
333.444592790387,47.6835781041389,9307439.96877337,734.787604806409,0.0216606536887435,386569.389824277,34603.9988
334.445927903872,45.7877169559413,9308417.74825935,734.802013351135,0.0216597283753198,386602.419369237,34603.9988
335.447263017356,52.1428571428571,9305140.12125,734.753714285714,0.0216628307408944,386491.695505988,34603.9988
336.448598130841,48.8317757009346,9306847.79246495,734.778878504673,0.0216612141651411,386549.385385529,34603.9988
337.449933244326,48.7917222963952,9306868.44977804,734.779182910547,0.0216611946126824,386550.083222786,34603.9988
338.45126835781,51.2883845126836,9305580.81059579,734.760208277704,0.0216624135148046,386506.583595134,34603.9988
339.452603471295,50.9412550066756,9305759.84064252,734.762846461949,0.0216622440256982,386512.631806176,34603.9988
340.45393858478,50.6475300400534,9305911.32760514,734.765078771696,0.0216621006158968,386517.749489289,34603.9988
341.455273698264,48.69826435247,9306916.65017523,734.779893190921,0.0216611489905476,386551.71150747,34603.9988
342.456608811749,52.8638184245661,9304768.28961449,734.748234979973,0.0216631827998972,386479.133476067,34603.9988
343.457943925234,51.2616822429907,9305594.58213785,734.760411214953,0.0216624004769966,386507.048843679,34603.9988
344.459279038718,50.5540720961282,9305959.52800234,734.765789052069,0.0216620549862855,386519.377836485,34603.9988
345.460614152203,50.8878504672897,9305787.38372664,734.763252336449,0.0216622179509122,386513.562296328,34603.9988
346.461949265688,53.785046728972,9304293.17141355,734.74123364486,0.0216636326856894,386463.081720733,34603.9988
347.463284379172,51.6088117489987,9305415.55209112,734.757773030708,0.0216625699708989,386501.000592545,34603.9988
348.464619492657,49.0854472630174,9306716.96281542,734.776950600801,0.0216613379989855,386544.96573614,34603.9988
349.465954606142,48.8851802403204,9306820.24938084,734.778472630173,0.0216612402351937,386548.454934953,34603.9988
350.467289719626,52.2763684913218,9305071.26353972,734.752699599466,0.0216628959353149,386489.369218287,34603.9988
351.468624833111,53.2777036048064,9304554.83071262,734.745089452603,0.0216633849179713,386471.921855719,34603.9988
352.469959946595,47.6435246995995,9307460.62608645,734.787909212283,0.0216606341382669,386570.087644959,34603.9988
353.47129506008,49.7530040053405,9306372.67426402,734.771877169559,0.0216616638907775,386533.334969031,34603.9988
354.472630173565,46.762349799733,9307915.0869743,734.794606141522,0.021660204045271,386585.439553689,34603.9988
355.473965287049,50.1935914552737,9306145.44382009,734.76852870494,0.0216618789898834,386525.658574753,34603.9988
356.475300400534,45.0133511348465,9308817.12297897,734.807898531375,0.0216593504749453,386615.909937547,34603.9988
357.476635514019,53.3845126835781,9304499.74454439,734.744277703605,0.0216634370786736,386470.06078238,34603.9988
358.477970627503,52.4632843791722,9304974.86274533,734.751279038718,0.021662987208795,386486.11240471,34603.9988
359.479305740988,52.8771695594126,9304761.40384346,734.748133511348,0.0216631893197198,386478.900844117,34603.9988
360.480640854473,52.2897196261682,9305064.37776869,734.752598130841,0.0216629024547992,386489.136589163,34603.9988
361.481975967957,48.871829105474,9306827.13515187,734.778574098798,0.021661233717669,386548.687547693,34603.9988
362.483311081442,46.2283044058745,9308190.51781542,734.798664886515,0.0216599433991329,386594.743604607,34603.9988
363.484646194927,45.2269692923899,9308706.95064252,734.806275033378,0.0216594547207443,386612.188423046,34603.9988
364.485981308411,46.1081441922563,9308252.48975467,734.799578104139,0.0216598847554453,386596.837001898,34603.9988
365.487316421896,48.2309746328438,9307157.65216121,734.78344459279,0.0216609208855204,386559.852883673,34603.9988
366.48865153538,51.3150867823765,9305567.03905374,734.760005340454,0.0216624265526434,386506.118346331,34603.9988
367.489986648865,46.6555407209613,9307970.17314252,734.795417890521,0.0216601519150602,386587.300372095,34603.9988
368.49132176235,52.2630173564753,9305078.14931075,734.752801068091,0.0216628894158383,386489.601847346,34603.9988
369.492656875834,51.7556742323097,9305339.80860981,734.756656875834,0.0216626416814217,386498.44170399,34603.9988
370.493991989319,48.6181575433912,9306957.9648014,734.78050200267,0.0216611098861603,386553.107177551,34603.9988
371.495327102804,46.2817089452603,9308162.97473131,734.798259012016,0.0216599694631937,386593.81320414,34603.9988
372.496662216288,54.7062750333778,9303818.05321262,734.734232309746,0.0216640826080864,386447.029659482,34603.9988
373.497997329773,52.4499332443258,9304981.74851635,734.751380507343,0.0216629806892107,386486.345034669,34603.9988
374.499332443258,52.6902536715621,9304857.80463785,734.749554072096,0.0216630980429035,386482.157685579,34603.9988
375.500667556742,46.8691588785047,9307860.00080607,734.793794392523,0.0216602561759733,386583.578731171,34603.9988
376.502002670227,53.064085447263,9304665.00304906,734.746712950601,0.0216632805980428,386475.643990061,34603.9988
377.503337783712,52.9305740987984,9304733.86075935,734.747727636849,0.0216632153990869,386477.970315672,34603.9988
378.504672897196,47.0293724966622,9307777.37155374,734.792576769025,0.0216603343729485,386580.787489685,34603.9988
379.506008010681,46.1882510013351,9308211.1751285,734.79896929239,0.0216599238511679,386595.441404282,34603.9988
380.507343124166,54.5727636849132,9303886.9109229,734.735246995995,0.0216640173996736,386449.356064126,34603.9988
381.50867823765,45.6675567423231,9308479.7201986,734.802926568758,0.0216596697339132,386604.51274745,34603.9988
382.510013351135,54.826435246996,9303756.08127336,734.733319092123,0.0216641412963153,386444.935889808,34603.9988
383.51134846462,54.0520694259012,9304155.45599299,734.739204272363,0.0216637630942109,386458.428980841,34603.9988
384.512683578104,46.7356475300401,9307928.85851635,734.794809078772,0.0216601910126722,386585.904758676,34603.9988
385.514018691589,47.8304405874499,9307364.22529206,734.786488651535,0.0216607253744161,386566.831143496,34603.9988
386.515353805073,48.2977303070761,9307123.22330608,734.782937249666,0.0216609534713767,386558.689834748,34603.9988
387.516688918558,50.7676902536716,9305849.35566589,734.764165554072,0.0216621592830932,386515.65589541,34603.9988
388.518024032043,49.9399198931909,9306276.27346963,734.770456608812,0.0216617551439216,386530.078325458,34603.9988
389.519359145527,46.9092122830441,9307839.34349299,734.793489986649,0.0216602757251134,386582.880921667,34603.9988
390.520694259012,51.475300400534,9305484.4098014,734.758787716956,0.0216625047803216,386503.326848121,34603.9988
391.522029372497,54.1989319092123,9304079.71251168,734.73808811749,0.0216638348202086,386455.869962945,34603.9988
392.523364485981,49.1388518024032,9306689.41973131,734.776544726302,0.021661364069622,386544.035280682,34603.9988
393.524699599466,45.2937249666222,9308672.52178738,734.805767690254,0.0216594872979596,386611.025446392,34603.9988
394.526034712951,53.0373831775701,9304678.77459112,734.74691588785,0.0216632675581901,386476.109255697,34603.9988
395.527369826435,52.2363150867824,9305091.9208528,734.75300400534,0.021662876376908,386490.067105272,34603.9988
396.52870493992,53.7049399198932,9304334.48603972,734.741842456609,0.0216635935637327,386464.477537689,34603.9988
397.530040053405,54.5193591455274,9303914.45400701,734.735652870494,0.0216639913165238,386450.286624184,34603.9988
398.531375166889,45.9612817089453,9308328.23323598,734.800694259012,0.021659813080672,386599.395591522,34603.9988
399.532710280374,48.0974632843792,9307226.5098715,734.784459279039,0.0216608557143841,386562.178976705,34603.9988
400.534045393858,51.7957276368491,9305319.15129673,734.75635246996,0.0216626612389984,386497.743823943,34603.9988
401.535380507343,45.0534045393858,9308796.46566589,734.807594125501,0.0216593700208829,386615.212154831,34603.9988
402.536715620828,48.524699599466,9307006.1651986,734.781212283044,0.0216610642647246,386554.73545639,34603.9988
403.538050734312,50.954606141522,9305752.95487149,734.762744993324,0.0216622505444139,386512.399183478,34603.9988
404.539385847797,47.9639519359146,9307295.36758178,734.785473965287,0.021660790544016,386564.505063313,34603.9988
405.540720961282,51.1682242990654,9305642.78253505,734.761121495327,0.0216623548449106,386508.677211563,34603.9988
406.542056074766,47.0427236315087,9307770.48578271,734.7924753004,0.021660340889413,386580.554885811,34603.9988
407.543391188251,52.6635514018692,9304871.57617991,734.749757009346,0.0216630850034813,386482.622947617,34603.9988
408.544726301736,51.1014686248331,9305677.21139019,734.761628838451,0.021662322250794,386509.840329553,34603.9988
409.54606141522,49.6194926568758,9306441.5319743,734.772891855808,0.0216615987108824,386535.661135302,34603.9988
410.547396528705,52.8504672897196,9304775.17538551,734.748336448598,0.0216631762800823,386479.366107954,34603.9988
411.54873164219,46.5353805073431,9308032.14508178,734.796331108144,0.0216600932691607,386589.393787888,34603.9988
412.550066755674,53.0774365821095,9304658.11727804,734.746611481976,0.0216632871179807,386475.411357146,34603.9988
413.551401869159,53.2109479305741,9304589.25956776,734.745596795728,0.0216633523177822,386473.085024468,34603.9988
414.552736982644,50.6875834445928,9305890.67029206,734.764774365821,0.0216621201715598,386517.051625241,34603.9988
415.554072096128,47.5634178905207,9307501.94071262,734.788518024032,0.0216605950375209,386571.483284589,34603.9988
416.555407209613,45.8411214953271,9308390.20517523,734.801607476636,0.0216597544383669,386601.48897725,34603.9988
417.556742323097,47.5901201602136,9307488.16917056,734.788315086782,0.0216606080710722,386571.018071636,34603.9988
418.558077436582,50.3938584779706,9306042.15725467,734.767006675567,0.0216619767649707,386522.169281498,34603.9988
419.559412550067,52.7570093457944,9304823.37578271,734.749046728972,0.0216631306415935,386480.99452936,34603.9988
420.560747663551,54.4926568758344,9303928.22554906,734.735855807744,0.021663978274995,386450.751903828,34603.9988
421.562082777036,53.8651535380507,9304251.85678738,734.740624833111,0.0216636718079229,386461.685901464,34603.9988
422.563417890521,50.8077436582109,9305828.6983528,734.763861148198,0.0216621788389637,386514.958029628,34603.9988
423.564753004005,48.3511348464619,9307095.68022196,734.782531375167,0.0216609795402,386557.759394452,34603.9988
424.56608811749,49.7930574098798,9306352.01695094,734.771572763685,0.0216616834448959,386532.637117897,34603.9988
425.567423230975,51.9425901201602,9305243.40781542,734.755236315087,0.0216627329507049,386495.184925494,34603.9988
426.568758344459,53.9452603471295,9304210.54216121,734.740016021362,0.0216637109304332,386460.290079882,34603.9988
427.570093457944,52.0761014686248,9305174.55010514,734.754221628838,0.0216627981439724,386492.85864743,34603.9988
428.571428571429,53.5580774365821,9304410.22952103,734.742958611482,0.0216635218408643,386467.036529433,34603.9988
429.572763684913,46.6955941255007,9307949.51582944,734.795113484646,0.0216601714638317,386586.602565674,34603.9988
430.574098798398,45.3738317757009,9308631.20716122,734.805158878505,0.0216595263908714,386609.629872287,34603.9988
431.575433911882,50.1401869158879,9306172.98690421,734.768934579439,0.0216618529168188,386526.589050513,34603.9988
432.576769025367,45.2536715620828,9308693.17910047,734.806072096128,0.0216594677516074,386611.723232577,34603.9988
433.578104138852,52.4232309746328,9304995.52005841,734.751583444593,0.0216629676500653,386486.810294394,34603.9988
434.579439252336,47.7770360480641,9307391.76837617,734.786894526035,0.0216606993067913,386567.76157377,34603.9988
435.580774365821,49.4192256341789,9306544.81853972,734.77441388518,0.0216615009424804,386539.150372662,34603.9988
436.582109479306,48.0574098798398,9307247.16718458,734.784763684913,0.021660836163193,386562.876803362,34603.9988
437.58344459279,53.7983978638184,9304286.28564252,734.741132176235,0.0216636392060425,386462.849084349,34603.9988
438.584779706275,48.7650200267023,9306882.22132009,734.779385847797,0.0216611815777483,386550.548447302,34603.9988
439.58611481976,53.1041388518024,9304644.34573598,734.746408544726,0.0216633001578795,386474.946091125,34603.9988
440.587449933244,49.1789052069426,9306668.76241823,734.776240320427,0.02166138362268,386543.337438414,34603.9988
441.588785046729,46.0547396528705,9308280.03283879,734.799983978638,0.0216598586917839,386597.767399024,34603.9988
442.590120160214,49.4058744993324,9306551.70431075,734.774515353805,0.0216614944246484,386539.382987972,34603.9988
443.591455273698,46.4686248331108,9308066.57393692,734.796838451268,0.0216600606883743,386590.556794413,34603.9988
444.592790387183,51.5954606141522,9305422.43786215,734.757874499333,0.0216625634518066,386501.233218391,34603.9988
445.594125500668,45.4539385847797,9308589.89253505,734.804550066756,0.0216595654840596,386608.234295869,34603.9988
446.595460614152,54.1455273698264,9304107.25559579,734.738493991989,0.0216638087379199,386456.800515807,34603.9988
447.596795727637,46.1615487316422,9308224.94667056,734.799172229639,0.0216599108192297,386595.906603744,34603.9988
448.598130841121,49.6728971962617,9306413.98889019,734.772485981308,0.0216616247827482,386534.730669564,34603.9988
449.599465954606,51.3684913217623,9305539.49596963,734.759599465955,0.0216624526284132,386505.187847956,34603.9988
450.600801068091,46.7089452603471,9307942.63005841,734.795012016021,0.0216601779801042,386586.369963406,34603.9988
451.602136181575,47.0560747663551,9307763.60001168,734.792373831776,0.0216603474058852,386580.322281872,34603.9988
452.60347129506,47.9506008010681,9307302.2533528,734.785575433912,0.0216607840270215,386564.73767162,34603.9988
453.604806408545,49.1655540720961,9306675.64818925,734.776341789052,0.0216613771049863,386543.570052567,34603.9988
454.606141522029,50.4739652870494,9306000.8426285,734.766397863818,0.0216620158754897,386520.773560148,34603.9988
455.607476635514,53.1575433911882,9304616.80265187,734.746002670227,0.0216633262377694,386474.01555831,34603.9988
456.608811748999,51.0614152202937,9305697.86870327,734.761933244326,0.0216623026944163,386510.538199577,34603.9988
457.610146862483,49.2456608811749,9306634.33356308,734.775732977303,0.0216614162112637,386542.174366682,34603.9988
458.611481975968,48.2576769025367,9307143.88061916,734.783241655541,0.0216609339198399,386559.387664296,34603.9988
459.612817089453,54.7196261682243,9303811.16744159,734.734130841121,0.0216640891289699,386446.797018664,34603.9988
460.614152202937,45.2403204272363,9308700.0648715,734.806173564753,0.021659461236172,386611.955827843,34603.9988
461.615487316422,50.3671562082777,9306055.92879673,734.767209612817,0.0216619637281925,386522.634521434,34603.9988
462.616822429907,45.4939919893191,9308569.23522196,734.804245660881,0.0216595850307574,386607.536506793,34603.9988
463.618157543391,54.3724966622163,9303990.19748832,734.736769025367,0.0216639195884962,386452.845659044,34603.9988
464.619492656876,54.7997329773031,9303769.85281542,734.733522029372,0.0216641282544328,386445.401172408,34603.9988
465.620827770361,49.1121495327103,9306703.19127337,734.776747663551,0.0216613510342884,386544.500508539,34603.9988
466.622162883845,54.0654205607477,9304148.57022196,734.739102803738,0.0216637696147177,386458.196343172,34603.9988
467.62349799733,48.671562082777,9306930.42171729,734.780096128171,0.0216611359557211,386552.176731088,34603.9988
468.624833110814,52.0894526034713,9305167.66433411,734.754120160214,0.0216628046633414,386492.62601927,34603.9988
469.626168224299,53.4512683578104,9304465.31568925,734.743770360481,0.0216634696793624,386468.897609455,34603.9988
470.627503337784,53.1975967957276,9304596.14533878,734.745698264353,0.0216633457977675,386473.317658025,34603.9988
471.628838451268,53.5313751668892,9304424.00106308,734.743161548732,0.0216635088004427,386467.501799824,34603.9988
472.630173564753,46.0814419225634,9308266.26129673,734.799781041389,0.0216598717235992,386597.30220059,34603.9988
473.631508678238,46.9893190921228,9307798.02886682,734.7928811749,0.021660314823601,386581.485300924,34603.9988
474.632843791722,50.0600801068091,9306214.30153037,734.769543391188,0.0216618138074525,386527.984762226,34603.9988
475.634178905207,53.8384512683578,9304265.62832944,734.740827770361,0.0216636587671477,386462.151174811,34603.9988
476.635514018692,49.0587449933244,9306730.73435748,734.777153538051,0.0216613249637134,386545.430963484,34603.9988
477.636849132176,50.8611481975968,9305801.15526869,734.763455273698,0.0216622049135653,386514.027541018,34603.9988
478.638184245661,49.4459279038718,9306531.04699766,734.774210947931,0.0216615139781674,386538.685141849,34603.9988
479.639519359146,49.5126835781041,9306496.61814252,734.773703604806,0.0216615465675195,386537.522063693,34603.9988
480.64085447263,45.6542056074766,9308486.60596963,734.803028037383,0.0216596632182398,386604.745344708,34603.9988
481.642189586115,46.1214953271028,9308245.60398364,734.799476635514,0.0216598912713799,386596.604402456,34603.9988
482.643524699599,52.4766355140187,9304967.9769743,734.751177570093,0.0216629937283869,386485.879774687,34603.9988
483.644859813084,52.2229639519359,9305098.80662383,734.753105473965,0.0216628698574545,386490.299734138,34603.9988
484.646194926569,46.2550066755674,9308176.74627336,734.798461949266,0.0216599564311479,386594.278404502,34603.9988
485.647530040053,49.739652870494,9306379.56003505,734.771978638184,0.0216616573727534,386533.567585947,34603.9988
486.648865153538,45.0267022696929,9308810.23720794,734.80779706275,0.0216593569902502,386615.677343373,34603.9988
487.650200267023,45.8010680907877,9308410.86248832,734.80191188251,0.0216597348910701,386602.186771337,34603.9988
488.651535380507,50.981308411215,9305739.18332944,734.762542056075,0.0216622635818684,386511.933937888,34603.9988
489.652870493992,45.694259012016,9308465.94865654,734.802723631509,0.0216596827652832,386604.047552741,34603.9988
490.654205607477,52.1161548731642,9305153.89279206,734.753917222964,0.0216628177021025,386492.160762758,34603.9988
491.655540720961,54.0921228304406,9304134.79867991,734.738899866489,0.0216637826557543,386457.73106764,34603.9988
492.656875834446,50.3004005340454,9306090.35765187,734.767716955941,0.0216619311363815,386523.797620149,34603.9988
493.658210947931,53.3044058744993,9304541.05917056,734.744886515354,0.0216633979581008,386471.45658777,34603.9988
494.659546061415,49.4325767690254,9306537.93276869,734.774312416555,0.02166150746032,386538.917757288,34603.9988
495.6608811749,52.0493991989319,9305188.3216472,734.754424566088,0.0216627851052574,386493.323903557,34603.9988
496.662216288385,48.2843791722296,9307130.1090771,734.783038718291,0.0216609469541901,386558.922444662,34603.9988
497.663551401869,52.2096128170895,9305105.69239486,734.75320694259,0.0216628633380086,386490.53236294,34603.9988
498.664886515354,54.6128170894526,9303866.25360981,734.73494259012,0.0216640369621167,386448.658143407,34603.9988
499.666221628838,54.652870493992,9303845.59629673,734.734638184246,0.021664056524629,386447.96022211,34603.9988
500.667556742323,50.43391188251,9306021.49994159,734.766702269693,0.0216619963201956,386521.471421112,34603.9988
501.668891855808,47.8971962616822,9307329.79643692,734.785981308411,0.02166075795912,386565.668104207,34603.9988
502.670226969292,47.5500667556742,9307508.82648364,734.788619492657,0.0216605885207568,386571.715890969,34603.9988
503.671562082777,53.5046728971963,9304437.77260514,734.743364485981,0.0216634957600518,386467.967069958,34603.9988
504.672897196262,50.5674232309746,9305952.64223131,734.765687583445,0.0216620615047783,386519.14521565,34603.9988
505.674232309746,45.4405874499332,9308596.77830608,734.804651535381,0.0216595589685091,386608.466892099,34603.9988
506.675567423231,53.611481975968,9304382.68643692,734.742552736983,0.0216635479217997,386466.10598788,34603.9988
507.676902536716,53.1441922563418,9304623.6884229,734.746104138852,0.0216633197177854,386474.24819161,34603.9988
508.6782376502,52.3564753004005,9305029.94891355,734.752090787717,0.0216629350523362,386487.973442581,34603.9988
509.679572763685,54.3591455273698,9303997.08325935,734.736870493992,0.0216639130678126,386453.078298191,34603.9988
510.68090787717,53.9052069425901,9304231.1994743,734.740320427236,0.0216636913691435,386460.987990962,34603.9988
511.682242990654,47.2429906542056,9307667.19921729,734.790953271028,0.0216604386373026,386577.065819981,34603.9988
512.683578104139,46.388518024032,9308107.88856308,734.797447263017,0.021660021591684,386591.952400124,34603.9988
513.684913217623,46.7757009345794,9307908.20120327,734.794504672897,0.0216602105615819,386585.206951099,34603.9988
514.686248331108,48.6582109479306,9306937.30748832,734.780197596796,0.0216611294383194,386552.4093428,34603.9988
515.687583444593,54.8798397863818,9303728.53818925,734.732913217623,0.0216641673801725,386444.005323838,34603.9988
516.688918558077,48.2042723631509,9307171.42370327,734.78364753004,0.0216609078512317,386560.318102794,34603.9988
517.690253671562,50.2736982643525,9306104.12919393,734.767919893191,0.0216619180997108,386524.262859186,34603.9988
518.691588785047,45.6275033377837,9308500.37751168,734.803230974633,0.0216596501869159,386605.210539031,34603.9988
519.692923898531,45.2670226969292,9308686.29332944,734.805970627503,0.0216594742670504,386611.490637246,34603.9988
520.694259012016,52.0627503337784,9305181.43587617,734.754323097463,0.0216627916246111,386493.091275525,34603.9988
521.695594125501,47.5233644859813,9307522.5980257,734.788822429907,0.0216605754872517,386572.181103537,34603.9988
522.696929238985,47.7236315086782,9307419.31146028,734.787300400534,0.0216606732392893,386568.692003017,34603.9988
523.69826435247,48.324432576769,9307109.45176402,734.782734312417,0.021660966505773,386558.224614729,34603.9988
524.699599465955,49.9799732977303,9306255.61615654,734.770152202937,0.0216617746983628,386529.380471625,34603.9988
525.700934579439,47.4299065420561,9307570.7984229,734.78953271028,0.0216605298702256,386573.809345499,34603.9988
526.702269692924,51.6622162883845,9305388.00900701,734.757367156208,0.0216625960473451,386500.070088515,34603.9988
527.703604806409,48.9786381842457,9306772.04898364,734.7777623498,0.0216612858580814,386546.826643972,34603.9988
528.704939919893,54.2790387182911,9304038.39788551,734.737479305741,0.0216638739438722,386454.474131725,34603.9988
529.706275033378,52.1829105473965,9305119.46393692,734.75340987984,0.0216628502991398,386490.997620352,34603.9988
530.707610146863,50.4205607476636,9306028.38571262,734.766803738318,0.0216619898017796,386521.704041305,34603.9988
531.708945260347,52.2496662216288,9305085.03508178,734.752902536716,0.0216628828963693,386489.834476341,34603.9988
532.710280373832,54.9866488651535,9303673.45202103,734.732101468625,0.0216642195482561,386442.144188814,34603.9988
533.711615487316,52.7970627503338,9304802.71846963,734.748742323098,0.0216631502008997,386480.296634857,34603.9988
534.712950600801,51.4352469959947,9305505.06711449,734.75909212283,0.0216624852232983,386504.024723541,34603.9988
535.714285714286,50.1134846461949,9306186.75844626,734.769137516689,0.0216618398803326,386527.054288008,34603.9988
536.71562082777,49.1522029372497,9306682.53396028,734.776443257677,0.0216613705873003,386543.802666657,34603.9988
537.716955941255,53.0240320427236,9304685.66036215,734.747017356475,0.0216632610382753,386476.341888419,34603.9988
538.71829105474,54.5594125500668,9303893.79669392,734.735348464619,0.0216640108788746,386449.588704237,34603.9988
539.719626168224,45.9078771695594,9308355.77632009,734.801100133511,0.0216597870173485,386600.325985821,34603.9988
540.720961281709,48.0841121495327,9307233.39564252,734.784560747663,0.0216608491973127,386562.411585655,34603.9988
541.722296395194,45.6408544726302,9308493.49174065,734.803129506008,0.021659656702574,386604.977941902,34603.9988
542.723631508678,47.2563417890521,9307660.31344626,734.790851802403,0.0216604451538901,386576.833215079,34603.9988
543.724966622163,47.1228304405874,9307729.17115654,734.791866488652,0.0216603799883615,386579.159261213,34603.9988
544.726301735648,48.1909212283044,9307178.3094743,734.783748998665,0.0216609013340989,386560.550712257,34603.9988
545.727636849132,53.7316421895861,9304320.71449766,734.741639519359,0.0216636066043542,386464.012265627,34603.9988
546.728971962617,50.7943925233645,9305835.58412383,734.763962616822,0.0216621723203325,386515.19065162,34603.9988
547.730307076101,46.8958611481976,9307846.22926402,734.793591455274,0.0216602692087257,386583.113524899,34603.9988
548.731642189586,54.1188251001335,9304121.02713785,734.738696929239,0.0216637956968217,386457.265791852,34603.9988
549.732977303071,52.022696929239,9305202.09318925,734.754627503338,0.0216627720665732,386493.789159427,34603.9988
550.734312416555,47.8571428571429,9307350.45375,734.786285714286,0.0216607384082746,386566.365927973,34603.9988
551.73564753004,51.675567423231,9305381.12323598,734.757265687583,0.0216626025664758,386499.837462347,34603.9988
552.736982643525,52.4899866488652,9304961.09120327,734.751076101469,0.0216630002479865,386485.647144599,34603.9988
553.738317757009,48.8184245660881,9306854.67823598,734.778979973298,0.0216612076476472,386549.617998012,34603.9988
554.739652870494,54.3858477970628,9303983.31171729,734.736667556742,0.0216639261091875,386452.613019832,34603.9988
555.740987983979,54.9065420560748,9303714.7666472,734.732710280374,0.0216641804221473,386443.540040468,34603.9988
556.742323097463,49.7797062750334,9306358.90272196,734.77167423231,0.0216616769268487,386532.869735005,34603.9988
557.743658210948,49.4859813084112,9306510.38968458,734.773906542056,0.0216615335317556,386537.987295148,34603.9988
558.744993324433,47.5100133511348,9307529.48379673,734.788923898531,0.0216605689705106,386572.413709724,34603.9988
559.746328437917,45.8811748998665,9308369.54786215,734.801303070761,0.0216597739857328,386600.791182586,34603.9988
560.747663551402,45.8277703604806,9308397.09094626,734.80170894526,0.0216597479225936,386601.721575343,34603.9988
561.748998664886,50.0200267022697,9306234.95884346,734.769847797063,0.021661794252873,386528.682617215,34603.9988
562.750333778371,48.1375166889186,9307205.85255841,734.784154873164,0.0216608752656443,386561.48114947,34603.9988
563.751668891856,52.4098798397864,9305002.40582944,734.751684913218,0.0216629611305041,386487.04292416,34603.9988
564.75300400534,47.0694259012016,9307756.71424065,734.792272363151,0.0216603539223651,386580.089677869,34603.9988
565.754339118825,48.0173564753004,9307267.82449766,734.785068090788,0.0216608166120711,386563.57462944,34603.9988
566.75567423231,54.3324432576769,9304010.8548014,734.737073431242,0.0216639000264683,386453.543576292,34603.9988
567.757009345794,48.0040053404539,9307274.71026869,734.785169559412,0.0216608100950458,386563.807238005,34603.9988
568.758344459279,50.5407209612817,9305966.41377336,734.765890520694,0.0216620484678003,386519.610457256,34603.9988
569.759679572764,52.5567423230975,9304926.66234813,734.750568758344,0.0216630328461,386484.483993199,34603.9988
570.761014686248,50.4606141522029,9306007.72839953,734.766499332443,0.0216620093570507,386521.006180533,34603.9988
571.762349799733,48.2176234979973,9307164.53793224,734.783546061415,0.0216609143683722,386560.085493266,34603.9988
572.763684913218,51.502002670227,9305470.63825935,734.758584779706,0.0216625178183756,386502.861597519,34603.9988
573.765020026702,53.8918558077437,9304238.08524533,734.740421895861,0.021663684848729,386461.22062786,34603.9988
574.766355140187,50.1001335113485,9306193.64421729,734.769238985314,0.0216618333621011,386527.286906658,34603.9988
575.767690253672,45.5473965287049,9308541.69213785,734.803839786382,0.0216596110931287,386606.606120459,34603.9988
576.769025367156,49.6862483311081,9306407.10311916,734.772384512684,0.0216616313007339,386534.498052969,34603.9988
577.770360480641,54.5861148197597,9303880.02515187,734.73514552737,0.0216640239204803,386449.123423951,34603.9988
578.771695594126,54.0120160213618,9304176.11330608,734.739508678238,0.0216637435327366,386459.126893463,34603.9988
579.77303070761,46.1348464619493,9308238.71821262,734.799375166889,0.0216598977873221,386596.37180295,34603.9988
580.774365821095,45.4806408544726,9308576.12099299,734.804347129506,0.0216595785151838,386607.769103216,34603.9988
581.775700934579,46.0947930574099,9308259.3755257,734.799679572764,0.0216598782395184,386597.069601276,34603.9988
582.777036048064,49.6995994659546,9306400.21734813,734.772283044059,0.0216616378187272,386534.26543631,34603.9988
583.778371161549,46.6154873164219,9307990.83045561,734.795722296395,0.0216601323663579,386587.998177937,34603.9988
584.779706275033,53.7182910547397,9304327.60026869,734.741740987984,0.0216636000840396,386464.24490169,34603.9988
585.781041388518,54.6395193591455,9303852.48206776,734.734739652871,0.0216640500037839,386448.192862607,34603.9988
586.782376502003,46.8291054739653,9307880.65811916,734.794098798398,0.0216602366269023,386584.276540097,34603.9988
587.783711615487,46.9225634178905,9307832.45772196,734.793388518024,0.0216602822415088,386582.64831837,34603.9988
588.785046728972,54.4526034712951,9303948.88286215,734.736160213618,0.0216639587127596,386451.449822811,34603.9988
589.786381842457,49.6595460614152,9306420.87466121,734.772587449933,0.0216616182647702,386534.963286095,34603.9988
590.787716955941,54.9332443257677,9303700.99510514,734.732507343124,0.0216641934641528,386443.07475684,34603.9988
591.789052069426,53.6782376502003,9304348.25758177,734.742045393858,0.021663580523142,386464.942809493,34603.9988
592.790387182911,54.2389853137517,9304059.0551986,734.737783711616,0.0216638543820058,386455.172047624,34603.9988
593.791722296395,53.437917222964,9304472.20146028,734.743871829106,0.0216634631592093,386469.130244168,34603.9988
594.79305740988,49.3391188251001,9306586.13316589,734.775022696929,0.0216614618356036,386540.546063559,34603.9988
595.794392523365,48.4178905206943,9307061.25136682,734.782024032043,0.021661012126402,386556.596342636,34603.9988
596.795727636849,49.8598130841121,9306317.58809579,734.771065420561,0.0216617160352469,386531.474031388,34603.9988
597.797062750334,46.935914552737,9307825.57195093,734.793287049399,0.0216602887579119,386582.415715009,34603.9988
598.798397863818,54.13217623498,9304114.14136682,734.738595460614,0.021663802217367,386457.033153861,34603.9988
599.799732977303,51.6488651535381,9305394.89477804,734.757468624833,0.021662589528222,386500.302714619,34603.9988
600.801068090788,46.9759679572764,9307804.91463785,734.792982643525,0.0216603083071672,386581.717904542,34603.9988
601.802403204272,50.8344459279039,9305814.92681075,734.763658210948,0.0216621918762491,386514.492785452,34603.9988
602.803738317757,52.5300400534045,9304940.43389019,734.750771695594,0.0216630198068316,386484.949253952,34603.9988
603.805073431242,50.7409879839786,9305863.12720794,734.764368491322,0.0216621462458847,386516.121138944,34603.9988
604.806408544726,45.3204272363151,9308658.75024533,734.805564753004,0.0216595003288995,386610.56025528,34603.9988
605.807743658211,51.1148197596796,9305670.32561916,734.761527369826,0.021662328769602,386509.607706084,34603.9988
606.809078771696,51.7423230974633,9305346.69438084,734.756758344459,0.0216626351622448,386498.674330543,34603.9988
607.81041388518,47.1762349799733,9307701.62807243,734.791460614152,0.0216604060544807,386578.228843531,34603.9988
608.811748998665,53.0507343124166,9304671.88882009,734.746814419226,0.0216632740781126,386475.876622911,34603.9988
609.81308411215,49.9933244325768,9306248.73038551,734.770050734312,0.0216617812165252,386529.147853553,34603.9988
610.814419225634,53.0106809078772,9304692.54613318,734.7471188251,0.0216632545183682,386476.574521076,34603.9988
611.815754339119,51.1415220293725,9305656.5540771,734.761324432577,0.0216623418072409,386509.142458952,34603.9988
612.817089452603,46.6021361815754,9307997.71622664,734.79582376502,0.0216601258501392,386588.230779756,34603.9988
613.818424566088,53.4245660881175,9304479.08723131,734.74397329773,0.0216634566390638,386469.362878817,34603.9988
614.819759679573,51.2750333778371,9305587.69636682,734.760309746328,0.0216624069958968,386506.816219438,34603.9988
615.821094793057,49.5794392523364,9306462.18928738,734.773196261682,0.0216615791570636,386536.35898393,34603.9988
616.822429906542,49.5927903871829,9306455.30351635,734.773094793057,0.0216615856749955,386536.126367785,34603.9988
617.823765020027,51.128170894526,9305663.43984813,734.761425901202,0.0216623352884176,386509.37508255,34603.9988
618.825100133511,46.2016021361816,9308204.28935748,734.798867823765,0.0216599303671485,386595.208804454,34603.9988
619.826435246996,52.369826435247,9305023.06314252,734.751989319092,0.0216629415718666,386487.740813072,34603.9988
620.827770360481,47.1495327102804,9307715.39961449,734.791663551402,0.0216603930214057,386578.6940525,34603.9988
621.829105473965,48.3778371161549,9307081.90867991,734.782328437917,0.0216609925746577,386557.294173918,34603.9988
622.83044058745,50.7009345794392,9305883.78452103,734.764672897196,0.0216621266901295,386516.819003763,34603.9988
623.831775700935,45.347129506008,9308644.97870327,734.805361815754,0.0216595133598701,386610.095063912,34603.9988
624.833110814419,47.8838451268358,9307336.68220794,734.786082777036,0.0216607514421639,386565.900712193,34603.9988
625.834445927904,53.584779706275,9304396.45797897,734.742755674232,0.0216635348813166,386466.571258785,34603.9988
626.835781041388,54.7596795727637,9303790.5101285,734.733826435247,0.0216641086916668,386446.099095825,34603.9988
627.837116154873,47.5767690253672,9307495.05494159,734.788416555407,0.0216606015542927,386571.250678145,34603.9988
628.838451268358,47.0827770360481,9307749.82846962,734.792170894526,0.0216603604388527,386579.857073801,34603.9988
629.839786381842,48.2710280373832,9307136.99484813,734.783140186916,0.0216609404370111,386559.155054511,34603.9988
630.841121495327,47.7636849132176,9307398.6541472,734.786995994659,0.0216606927899043,386567.994181178,34603.9988
631.842456608812,51.2082777036048,9305622.12522196,734.760817089453,0.0216623744014728,386507.979339998,34603.9988
632.843791722296,48.6315086782377,9306951.07903037,734.780400534045,0.0216611164035389,386552.874566032,34603.9988
633.845126835781,49.5260347129506,9306489.7323715,734.773602136182,0.0216615530854129,386537.289447869,34603.9988
634.846461949266,45.6141522029372,9308507.26328271,734.803332443258,0.0216596436712655,386605.443136096,34603.9988
635.84779706275,47.9238985313752,9307316.02489486,734.785778371162,0.0216607709930554,386565.202888042,34603.9988
636.849132176235,48.5781041388518,9306978.62211449,734.780806408545,0.0216610903340703,386553.805011725,34603.9988
637.85046728972,49.8865153538051,9306303.81655374,734.770862483311,0.0216617290714411,386531.008796335,34603.9988
638.851802403204,48.845126835781,9306840.90669393,734.778777036048,0.0216612206826427,386549.152772981,34603.9988
639.853137516689,48.9652870493992,9306778.93475467,734.777863818425,0.021661279340503,386547.059257162,34603.9988
640.854472630174,53.3978638184246,9304492.85877336,734.74417623498,0.021663443598796,386469.828147923,34603.9988
641.855807743658,52.6368491321762,9304885.34772196,734.749959946595,0.0216630719640898,386483.088209398,34603.9988
642.857142857143,51.5554072096128,9305443.09517523,734.758178905207,0.0216625438945758,386501.931095546,34603.9988
643.858477970628,51.3951935914553,9305525.72442757,734.759396528705,0.0216624656663442,386504.722598383,34603.9988
644.859813084112,51.3551401869159,9305546.38174065,734.759700934579,0.0216624461094592,386505.420472646,34603.9988
645.861148197597,46.5487316421896,9308025.25931075,734.796229639519,0.0216600997853411,386589.16118639,34603.9988
646.862483311081,47.456608811749,9307557.02688084,734.789329773031,0.0216605429036232,386573.344133831,34603.9988
647.863818424566,48.9919893190921,9306765.16321262,734.777660881175,0.0216612923756675,386546.594030718,34603.9988
648.865153538051,52.7036048064085,9304850.91886682,734.749452603471,0.0216631045626261,386481.925054463,34603.9988
649.866488651535,51.1815754339119,9305635.89676402,734.761020026702,0.021662361363757,386508.444587773,34603.9988
650.86782376502,51.9559412550067,9305236.52204439,734.755134846462,0.0216627394699971,386494.952297976,34603.9988
651.869158878505,52.1295060080107,9305147.00702103,734.753815754339,0.0216628242214946,386491.928134405,34603.9988
652.870493991989,52.6101468624833,9304899.11926402,734.750162883845,0.0216630589247291,386483.553470922,34603.9988
653.871829105474,54.4392523364486,9303955.76863318,734.736261682243,0.0216639521920298,386451.682462344,34603.9988
654.873164218959,48.7783711615487,9306875.33554907,734.779284379172,0.0216611880952115,386550.315835076,34603.9988
655.874499332443,52.1028037383178,9305160.77856308,734.754018691589,0.0216628111827181,386492.393391046,34603.9988
656.875834445928,49.3658210947931,9306572.36162383,734.77481975968,0.0216614748711985,386540.080833517,34603.9988
657.877169559413,47.2162883845127,9307680.97075935,734.791156208278,0.0216604256041508,386577.531029594,34603.9988
658.878504672897,54.2656875834446,9304045.28365654,734.737580774366,0.0216638674232423,386454.706770422,34603.9988
659.879839786382,53.9986648865154,9304182.9990771,734.739610146863,0.0216637370122605,386459.359530875,34603.9988
660.881174899866,49.2990654205608,9306606.79047897,734.775327102804,0.021661442282269,386541.24390814,34603.9988
661.882510013351,49.8331108144192,9306331.35963785,734.77126835781,0.0216617029990834,386531.939266184,34603.9988
662.883845126836,48.150867823765,9307198.96678738,734.784053404539,0.0216608817827465,386561.248540263,34603.9988
663.88518024032,48.3644859813084,9307088.79445093,734.782429906542,0.021660986057425,386557.526784217,34603.9988
664.886515353805,48.9385847797063,9306792.70629673,734.778066755674,0.0216612663053691,386547.52448335,34603.9988
665.88785046729,50.9946595460614,9305732.29755841,734.76244058745,0.0216622701006072,386511.701314997,34603.9988
666.889185580774,45.0400534045394,9308803.35143691,734.807695594126,0.0216593635055627,386615.444749134,34603.9988
667.890520694259,51.4886515353805,9305477.52403037,734.758686248331,0.0216625112993448,386503.094222852,34603.9988
668.891855807744,47.3765020026702,9307598.34150701,734.78993858478,0.0216605038035226,386574.739768065,34603.9988
669.893190921228,47.0160213618158,9307784.25732477,734.79267823765,0.0216603278564916,386581.020093496,34603.9988
670.894526034713,49.0720961281709,9306723.84858645,734.777052069426,0.0216613314813456,386545.198349844,34603.9988
671.895861148198,45.2136181575434,9308713.83641355,734.806376502003,0.0216594482053242,386612.421018184,34603.9988
672.897196261682,45.894526034713,9308362.66209112,734.801201602136,0.0216597805015368,386600.558584236,34603.9988
673.898531375167,51.6221628838451,9305408.66632009,734.757671562083,0.0216625764899989,386500.767966633,34603.9988
674.899866488652,48.3911882510013,9307075.02290888,734.782226969292,0.0216609990918981,386557.061563555,34603.9988
675.901201602136,51.9025367156208,9305264.06512851,734.755540720961,0.0216627133928745,386495.88280766,34603.9988
676.902536715621,49.913217623498,9306290.04501168,734.770659546061,0.021661742107666,386530.543561025,34603.9988
677.903871829105,51.6889185580774,9305374.23746495,734.757164218959,0.0216626090856143,386499.604836114,34603.9988
678.90520694259,51.2216288384513,9305615.23945094,734.760715620828,0.0216623809203422,386507.746716015,34603.9988
679.906542056075,49.9265687583445,9306283.15924065,734.770558077437,0.02166174862579,386530.310943273,34603.9988
680.907877169559,47.6034712950601,9307481.28339953,734.788213618157,0.0216606145878593,386570.785465063,34603.9988
681.909212283044,53.4913217623498,9304444.65837617,734.743465954606,0.0216634892398679,386468.199704928,34603.9988
682.910547396529,46.5754339118825,9308011.48776869,734.79602670227,0.0216601128177248,386588.695983202,34603.9988
683.911882510013,52.5967957276368,9304906.00503505,734.75026435247,0.0216630524050603,386483.786101588,34603.9988
684.913217623498,53.8251001335113,9304272.51410047,734.740929238985,0.0216636522467716,386462.383811388,34603.9988
685.914552736983,54.6929238985314,9303824.93898365,734.734333778371,0.0216640760872105,386447.262300235,34603.9988
686.915887850467,53.9853137516689,9304189.88484813,734.739711615487,0.0216637304917922,386459.592168223,34603.9988
687.917222963952,50.9012016021362,9305780.49795561,734.763150867824,0.0216622244695971,386513.329673886,34603.9988
688.918558077437,54.0787716955941,9304141.68445094,734.739001335113,0.0216637761352321,386457.963705438,34603.9988
689.919893190921,45.173564753004,9308734.49372664,734.806680907877,0.0216594286591102,386613.118803213,34603.9988
690.921228304406,48.1241655540721,9307212.73832944,734.784256341789,0.0216608687485499,386561.713758613,34603.9988
691.922563417891,46.2683578104139,9308169.86050234,734.798360480641,0.021659962947167,386594.045804353,34603.9988
692.923898531375,46.6288384512684,9307983.94468458,734.79562082777,0.0216601388825844,386587.765576054,34603.9988
693.92523364486,46.214953271028,9308197.40358645,734.79876635514,0.0216599368831369,386594.976204563,34603.9988
694.926568758345,54.1722296395194,9304093.48405374,734.73829105474,0.0216638217790489,386456.335239504,34603.9988
695.927903871829,52.8371161548732,9304782.06115654,734.748437917223,0.0216631697602751,386479.598739776,34603.9988
696.929238985314,52.7436582109479,9304830.26155374,734.749148197597,0.0216631241218401,386481.227160732,34603.9988
697.930574098798,50.781041388518,9305842.46989486,734.764064085447,0.021662165801709,386515.423273547,34603.9988
698.931909212283,54.0253671562083,9304169.22753505,734.739407209613,0.0216637500532203,386458.894255987,34603.9988
699.933244325768,45,9308824.00875,734.808,0.0216593439596482,386616.142531658,34603.9988
700.934579439252,48.5380507343124,9306999.27942757,734.781110814419,0.0216610707820495,386554.50284532,34603.9988
701.935914552737,46.0146862483311,9308300.69015187,734.800288384513,0.0216598391441184,386598.465196194,34603.9988
702.937249666222,47.6702269692924,9307446.85454439,734.787706275033,0.0216606471719103,386569.622431235,34603.9988
703.938584779706,53.8785046728972,9304244.97101635,734.740523364486,0.0216636783283221,386461.453264694,34603.9988
704.939919893191,51.6355140186916,9305401.78054907,734.757570093458,0.0216625830091066,386500.535340658,34603.9988
705.941255006676,52.3030707610147,9305057.49199766,734.752496662216,0.0216629089742912,386488.903959975,34603.9988
706.94259012016,45.3871829105474,9308624.32139019,734.80505740988,0.0216595329063836,386609.397276378,34603.9988
707.943925233645,49.0053404539386,9306758.27744159,734.77755941255,0.0216612988932613,386546.3614174,34603.9988
708.94526034713,45.9345794392523,9308342.00477804,734.800897196262,0.0216598000489949,386599.8607888,34603.9988
709.946595460614,48.4045393858478,9307068.13713785,734.782125500667,0.0216610056091462,386556.828953128,34603.9988
710.947930574099,49.6328437917223,9306434.64620327,734.772790387183,0.0216616052288373,386535.428518964,34603.9988
711.949265687583,50.4072096128171,9306035.27148364,734.766905206943,0.0216619832833713,386521.936661433,34603.9988
712.950600801068,54.6662216288384,9303838.7105257,734.734536715621,0.0216640630454818,386447.72758155,34603.9988
713.951935914553,50.4873164218959,9305993.95685748,734.766296395194,0.0216620223939365,386520.540939698,34603.9988
714.953271028037,48.7116154873164,9306909.76440421,734.779791722296,0.0216611555079724,386551.478895565,34603.9988
715.954606141522,52.9038718291055,9304747.6323014,734.747930574099,0.0216632023593879,386478.435580023,34603.9988
716.955941255007,53.3444592790387,9304520.40185748,734.744582109479,0.0216634175183526,386470.758685364,34603.9988
717.957276368491,45.9746328437917,9308321.34746495,734.800592790387,0.0216598195965221,386599.162992786,34603.9988
718.958611481976,50.0333778371162,9306228.07307243,734.769746328438,0.0216618007710585,386528.449998949,34603.9988
719.959946595461,49.2590120160214,9306627.44779206,734.775631508678,0.0216614227290035,386541.941752143,34603.9988
720.961281708945,50.4472630173565,9306014.61417056,734.766600801068,0.0216620028386193,386521.238800855,34603.9988
721.96261682243,50.8477970627503,9305808.04103972,734.763556742323,0.0216621983949034,386514.260163267,34603.9988
722.963951935915,45.7476635514019,9308438.40557243,734.802317757009,0.0216597088281152,386603.117162553,34603.9988
723.965287049399,50.8210947930574,9305821.81258177,734.763759679573,0.0216621853576026,386514.725407572,34603.9988
724.966622162884,52.3831775700935,9305016.1773715,734.751887850467,0.0216629480914047,386487.508183499,34603.9988
725.967957276368,45.7610146862483,9308431.5198014,734.802216288384,0.0216597153438424,386602.884564845,34603.9988
726.969292389853,49.5527369826435,9306475.96082944,734.773399198932,0.0216615661212229,386536.824216028,34603.9988
727.970627503338,49.7663551401869,9306365.78849299,734.771775700935,0.0216616704088093,386533.10235205,34603.9988
728.971962616822,45.1201602136182,9308762.03681075,734.807086782376,0.0216594025975991,386614.049182352,34603.9988
729.973297730307,46.2950600801068,9308156.08896028,734.798157543391,0.0216599759792281,386593.580603863,34603.9988
730.974632843792,50.6742323097463,9305897.55606308,734.764875834446,0.0216621136529977,386517.284246654,34603.9988
731.975967957276,53.3578104138852,9304513.51608645,734.744480640854,0.0216634240384519,386470.5260511,34603.9988
732.977303070761,45.0801068090788,9308782.69412383,734.807391188251,0.0216593830515463,386614.746966032,34603.9988
733.978638184246,54.3991989319092,9303976.42594626,734.736566088117,0.0216639326298866,386452.380380557,34603.9988
734.97997329773,47.2963951935915,9307639.65613318,734.790547396529,0.0216604647036984,386576.135399986,34603.9988
735.981308411215,49.045393858478,9306737.6201285,734.777255006676,0.0216613184460889,386545.663577059,34603.9988
736.9826435247,53.5714285714286,9304403.34375,734.742857142857,0.0216635283610866,386466.803894141,34603.9988
737.983978638184,52.9172229639519,9304740.74653037,734.747829105474,0.0216632088792336,386478.202947879,34603.9988
738.985313751669,51.0480640854473,9305704.7544743,734.762034712951,0.0216622961756391,386510.770822789,34603.9988
739.986648865153,54.9732977303071,9303680.33779206,734.73220293725,0.0216642130272187,386442.376830917,34603.9988
740.987983978638,50.5273698264352,9305973.29954439,734.765991989319,0.0216620419493228,386519.843077963,34603.9988
741.989319092123,53.6381842456609,9304368.91489486,734.742349799733,0.0216635609623135,386465.640716718,34603.9988
742.990654205607,52.7303070761015,9304837.14732477,734.749249666222,0.0216631176020944,386481.45979204,34603.9988
743.991989319092,46.7489986648865,9307921.97274533,734.794707610147,0.0216601975289678,386585.672156214,34603.9988
744.993324432577,54.8397863818425,9303749.19550234,734.733217623498,0.0216641478172681,386444.703248412,34603.9988
745.994659546061,50.7543391188251,9305856.24143692,734.764267022697,0.0216621527644851,386515.888517209,34603.9988
746.995994659546,52.9439252336449,9304726.97498832,734.747626168224,0.0216632219189479,386477.7376834,34603.9988
747.997329773031,54.8130841121495,9303762.96704439,734.733420560748,0.0216641347753702,386445.16853114,34603.9988
748.998664886515,52.6769025367156,9304864.69040888,734.749655540721,0.0216630915231885,386482.39031663,34603.9988
750,52.6234979973298,9304892.23349299,734.75006141522,0.0216630654444056,386483.320840192,34603.9988
